weekend_date,channel,brand,category,sub_category,SerialNum,quantity,month
2022-06-04,Channel1,B1,Cat2,Sub-Cat2,1,56,6
2022-06-11,Channel1,B1,Cat2,Sub-Cat2,1,122,6
2022-06-18,Channel1,B1,Cat2,Sub-Cat2,1,102,6
2022-06-25,Channel1,B1,Cat2,Sub-Cat2,1,128,6
2022-07-02,Channel1,B1,Cat2,Sub-Cat2,1,97,7
2022-07-09,Channel1,B1,Cat2,Sub-Cat2,1,114,7
2022-07-16,Channel1,B1,Cat2,Sub-Cat2,1,84,7
2022-07-23,Channel1,B1,Cat2,Sub-Cat2,1,102,7
2022-07-30,Channel1,B1,Cat2,Sub-Cat2,1,115,7
2022-08-06,Channel1,B1,Cat2,Sub-Cat2,1,91,8
2022-08-13,Channel1,B1,Cat2,Sub-Cat2,1,87,8
2022-08-20,Channel1,B1,Cat2,Sub-Cat2,1,91,8
2022-08-27,Channel1,B1,Cat2,Sub-Cat2,1,129,8
2022-09-03,Channel1,B1,Cat2,Sub-Cat2,1,127,9
2022-09-10,Channel1,B1,Cat2,Sub-Cat2,1,137,9
2022-09-17,Channel1,B1,Cat2,Sub-Cat2,1,116,9
2022-09-24,Channel1,B1,Cat2,Sub-Cat2,1,147,9
2022-10-01,Channel1,B1,Cat2,Sub-Cat2,1,181,10
2022-10-08,Channel1,B1,Cat2,Sub-Cat2,1,96,10
2022-10-15,Channel1,B1,Cat2,Sub-Cat2,1,85,10
2022-10-22,Channel1,B1,Cat2,Sub-Cat2,1,121,10
2022-10-29,Channel1,B1,Cat2,Sub-Cat2,1,160,10
2022-11-05,Channel1,B1,Cat2,Sub-Cat2,1,226,11
2022-11-12,Channel1,B1,Cat2,Sub-Cat2,1,244,11
2022-11-19,Channel1,B1,Cat2,Sub-Cat2,1,256,11
2022-11-26,Channel1,B1,Cat2,Sub-Cat2,1,271,11
2022-12-03,Channel1,B1,Cat2,Sub-Cat2,1,104,12
2022-12-10,Channel1,B1,Cat2,Sub-Cat2,1,87,12
2022-12-17,Channel1,B1,Cat2,Sub-Cat2,1,97,12
2022-12-24,Channel1,B1,Cat2,Sub-Cat2,1,88,12
2022-12-31,Channel1,B1,Cat2,Sub-Cat2,1,65,12
2023-01-07,Channel1,B1,Cat2,Sub-Cat2,1,77,1
2023-01-14,Channel1,B1,Cat2,Sub-Cat2,1,68,1
2023-01-21,Channel1,B1,Cat2,Sub-Cat2,1,92,1
2023-01-28,Channel1,B1,Cat2,Sub-Cat2,1,49,1
2023-02-04,Channel1,B1,Cat2,Sub-Cat2,1,64,2
2023-02-11,Channel1,B1,Cat2,Sub-Cat2,1,128,2
2023-02-18,Channel1,B1,Cat2,Sub-Cat2,1,133,2
2023-02-25,Channel1,B1,Cat2,Sub-Cat2,1,82,2
2023-03-04,Channel1,B1,Cat2,Sub-Cat2,1,93,3
2023-03-11,Channel1,B1,Cat2,Sub-Cat2,1,82,3
2023-03-18,Channel1,B1,Cat2,Sub-Cat2,1,102,3
2023-03-25,Channel1,B1,Cat2,Sub-Cat2,1,90,3
2023-04-01,Channel1,B1,Cat2,Sub-Cat2,1,53,4
2023-04-08,Channel1,B1,Cat2,Sub-Cat2,1,99,4
2023-04-15,Channel1,B1,Cat2,Sub-Cat2,1,95,4
2023-04-22,Channel1,B1,Cat2,Sub-Cat2,1,125,4
2023-04-29,Channel1,B1,Cat2,Sub-Cat2,1,99,4
2023-05-06,Channel1,B1,Cat2,Sub-Cat2,1,129,5
2023-05-13,Channel1,B1,Cat2,Sub-Cat2,1,156,5
2023-05-20,Channel1,B1,Cat2,Sub-Cat2,1,71,5
2023-05-27,Channel1,B1,Cat2,Sub-Cat2,1,77,5
2023-06-03,Channel1,B1,Cat2,Sub-Cat2,1,85,6
2023-06-10,Channel1,B1,Cat2,Sub-Cat2,1,125,6
2023-06-17,Channel1,B1,Cat2,Sub-Cat2,1,95,6
2023-06-24,Channel1,B1,Cat2,Sub-Cat2,1,97,6
2023-07-01,Channel1,B1,Cat2,Sub-Cat2,1,94,7
2023-07-08,Channel1,B1,Cat2,Sub-Cat2,1,82,7
2023-07-15,Channel1,B1,Cat2,Sub-Cat2,1,64,7
2023-07-22,Channel1,B1,Cat2,Sub-Cat2,1,83,7
2023-07-29,Channel1,B1,Cat2,Sub-Cat2,1,78,7
2023-08-05,Channel1,B1,Cat2,Sub-Cat2,1,91,8
2023-08-12,Channel1,B1,Cat2,Sub-Cat2,1,76,8
2023-08-19,Channel1,B1,Cat2,Sub-Cat2,1,81,8
2023-08-26,Channel1,B1,Cat2,Sub-Cat2,1,63,8
2023-09-02,Channel1,B1,Cat2,Sub-Cat2,1,82,9
2023-09-09,Channel1,B1,Cat2,Sub-Cat2,1,68,9
2023-09-16,Channel1,B1,Cat2,Sub-Cat2,1,87,9
2023-09-23,Channel1,B1,Cat2,Sub-Cat2,1,76,9
2023-09-30,Channel1,B1,Cat2,Sub-Cat2,1,95,9
2023-10-07,Channel1,B1,Cat2,Sub-Cat2,1,100,10
2023-10-14,Channel1,B1,Cat2,Sub-Cat2,1,121,10
2023-10-21,Channel1,B1,Cat2,Sub-Cat2,1,63,10
2023-10-28,Channel1,B1,Cat2,Sub-Cat2,1,87,10
2023-11-04,Channel1,B1,Cat2,Sub-Cat2,1,108,11
2023-11-11,Channel1,B1,Cat2,Sub-Cat2,1,50,11
2023-11-18,Channel1,B1,Cat2,Sub-Cat2,1,29,11
2023-11-25,Channel1,B1,Cat2,Sub-Cat2,1,19,11
2023-12-02,Channel1,B1,Cat2,Sub-Cat2,1,43,12
2023-12-09,Channel1,B1,Cat2,Sub-Cat2,1,46,12
2023-12-16,Channel1,B1,Cat2,Sub-Cat2,1,30,12
2023-12-23,Channel1,B1,Cat2,Sub-Cat2,1,40,12
2023-12-30,Channel1,B1,Cat2,Sub-Cat2,1,40,12
2024-01-06,Channel1,B1,Cat2,Sub-Cat2,1,47,1
2024-01-13,Channel1,B1,Cat2,Sub-Cat2,1,44,1
2024-01-20,Channel1,B1,Cat2,Sub-Cat2,1,43,1
2024-01-27,Channel1,B1,Cat2,Sub-Cat2,1,72,1
2024-02-03,Channel1,B1,Cat2,Sub-Cat2,1,63,2
2024-02-10,Channel1,B1,Cat2,Sub-Cat2,1,41,2
2024-02-17,Channel1,B1,Cat2,Sub-Cat2,1,44,2
2024-02-24,Channel1,B1,Cat2,Sub-Cat2,1,24,2
2024-03-02,Channel1,B1,Cat2,Sub-Cat2,1,24,3
2024-03-09,Channel1,B1,Cat2,Sub-Cat2,1,47,3
2024-03-16,Channel1,B1,Cat2,Sub-Cat2,1,54,3
2024-03-23,Channel1,B1,Cat2,Sub-Cat2,1,48,3
2024-03-30,Channel1,B1,Cat2,Sub-Cat2,1,46,3
2024-04-06,Channel1,B1,Cat2,Sub-Cat2,1,35,4
2024-04-13,Channel1,B1,Cat2,Sub-Cat2,1,46,4
2024-04-20,Channel1,B1,Cat2,Sub-Cat2,1,50,4
2024-04-27,Channel1,B1,Cat2,Sub-Cat2,1,46,4
2024-05-04,Channel1,B1,Cat2,Sub-Cat2,1,45,5
2024-05-11,Channel1,B1,Cat2,Sub-Cat2,1,28,5
2024-05-18,Channel1,B1,Cat2,Sub-Cat2,1,37,5
2024-05-25,Channel1,B1,Cat2,Sub-Cat2,1,10,5
2024-06-01,Channel1,B1,Cat2,Sub-Cat2,1,24,6
2024-06-08,Channel1,B1,Cat2,Sub-Cat2,1,44,6
2024-06-15,Channel1,B1,Cat2,Sub-Cat2,1,28,6
2024-06-22,Channel1,B1,Cat2,Sub-Cat2,1,24,6
2024-06-29,Channel1,B1,Cat2,Sub-Cat2,1,28,6
2024-07-06,Channel1,B1,Cat2,Sub-Cat2,1,22,7
2024-07-13,Channel1,B1,Cat2,Sub-Cat2,1,32,7
2024-07-20,Channel1,B1,Cat2,Sub-Cat2,1,43,7
2024-07-27,Channel1,B1,Cat2,Sub-Cat2,1,68,7
2024-08-03,Channel1,B1,Cat2,Sub-Cat2,1,64,8
2024-08-10,Channel1,B1,Cat2,Sub-Cat2,1,63,8
2024-08-17,Channel1,B1,Cat2,Sub-Cat2,1,38,8
2024-08-24,Channel1,B1,Cat2,Sub-Cat2,1,54,8
2024-08-31,Channel1,B1,Cat2,Sub-Cat2,1,78,8
2022-05-28,Channel2,B1,Cat1,Sub-Cat1,5,203,5
2022-06-04,Channel2,B1,Cat1,Sub-Cat1,5,198,6
2022-06-11,Channel2,B1,Cat1,Sub-Cat1,5,188,6
2022-06-18,Channel2,B1,Cat1,Sub-Cat1,5,219,6
2022-06-25,Channel2,B1,Cat1,Sub-Cat1,5,299,6
2022-07-02,Channel2,B1,Cat1,Sub-Cat1,5,263,7
2022-07-09,Channel2,B1,Cat1,Sub-Cat1,5,1783,7
2022-07-16,Channel2,B1,Cat1,Sub-Cat1,5,230,7
2022-07-23,Channel2,B1,Cat1,Sub-Cat1,5,296,7
2022-07-30,Channel2,B1,Cat1,Sub-Cat1,5,255,7
2022-07-30,Channel2,B2,Cat3,Sub-Cat3,2,4,7
2022-08-06,Channel2,B1,Cat1,Sub-Cat1,5,263,8
2022-08-06,Channel2,B2,Cat3,Sub-Cat3,2,118,8
2022-08-13,Channel2,B1,Cat1,Sub-Cat1,5,301,8
2022-08-13,Channel2,B2,Cat3,Sub-Cat3,2,103,8
2022-08-20,Channel2,B1,Cat1,Sub-Cat1,5,263,8
2022-08-20,Channel2,B2,Cat3,Sub-Cat3,2,151,8
2022-08-27,Channel2,B1,Cat1,Sub-Cat1,5,225,8
2022-08-27,Channel2,B2,Cat3,Sub-Cat3,2,209,8
2022-09-03,Channel2,B1,Cat1,Sub-Cat1,5,338,9
2022-09-03,Channel2,B2,Cat3,Sub-Cat3,2,182,9
2022-09-10,Channel2,B1,Cat1,Sub-Cat1,5,1677,9
2022-09-10,Channel2,B2,Cat3,Sub-Cat3,2,139,9
2022-09-17,Channel2,B1,Cat1,Sub-Cat1,5,611,9
2022-09-17,Channel2,B2,Cat3,Sub-Cat3,2,883,9
2022-09-24,Channel2,B1,Cat1,Sub-Cat1,5,230,9
2022-09-24,Channel2,B2,Cat3,Sub-Cat3,2,536,9
2022-10-01,Channel2,B1,Cat1,Sub-Cat1,5,180,10
2022-10-01,Channel2,B2,Cat3,Sub-Cat3,2,115,10
2022-10-08,Channel2,B1,Cat1,Sub-Cat1,5,182,10
2022-10-08,Channel2,B2,Cat3,Sub-Cat3,2,176,10
2022-10-15,Channel2,B1,Cat1,Sub-Cat1,5,228,10
2022-10-15,Channel2,B2,Cat3,Sub-Cat3,2,202,10
2022-10-22,Channel2,B1,Cat1,Sub-Cat1,5,243,10
2022-10-22,Channel2,B2,Cat3,Sub-Cat3,2,222,10
2022-10-29,Channel2,B1,Cat1,Sub-Cat1,5,256,10
2022-10-29,Channel2,B2,Cat3,Sub-Cat3,2,285,10
2022-11-05,Channel2,B1,Cat1,Sub-Cat1,5,328,11
2022-11-05,Channel2,B2,Cat3,Sub-Cat3,2,250,11
2022-11-12,Channel2,B1,Cat1,Sub-Cat1,5,295,11
2022-11-12,Channel2,B2,Cat3,Sub-Cat3,2,145,11
2022-11-19,Channel2,B1,Cat1,Sub-Cat1,5,285,11
2022-11-19,Channel2,B2,Cat3,Sub-Cat3,2,103,11
2022-11-26,Channel2,B1,Cat1,Sub-Cat1,5,220,11
2022-11-26,Channel2,B2,Cat3,Sub-Cat3,2,119,11
2022-12-03,Channel2,B1,Cat1,Sub-Cat1,5,482,12
2022-12-03,Channel2,B2,Cat3,Sub-Cat3,2,161,12
2022-12-10,Channel2,B1,Cat1,Sub-Cat1,5,1016,12
2022-12-10,Channel2,B2,Cat3,Sub-Cat3,2,123,12
2022-12-17,Channel2,B1,Cat1,Sub-Cat1,5,186,12
2022-12-17,Channel2,B2,Cat3,Sub-Cat3,2,151,12
2022-12-24,Channel2,B1,Cat1,Sub-Cat1,5,235,12
2022-12-24,Channel2,B2,Cat3,Sub-Cat3,2,125,12
2022-12-31,Channel2,B1,Cat1,Sub-Cat1,5,276,12
2022-12-31,Channel2,B2,Cat3,Sub-Cat3,2,234,12
2023-01-07,Channel2,B1,Cat1,Sub-Cat1,5,295,1
2023-01-07,Channel2,B2,Cat3,Sub-Cat3,2,781,1
2023-01-14,Channel2,B1,Cat1,Sub-Cat1,5,864,1
2023-01-14,Channel2,B2,Cat3,Sub-Cat3,2,720,1
2023-01-21,Channel2,B1,Cat3,Sub-Cat4,4,196,1
2023-01-21,Channel2,B1,Cat1,Sub-Cat1,5,296,1
2023-01-21,Channel2,B2,Cat3,Sub-Cat3,2,137,1
2023-01-28,Channel2,B1,Cat3,Sub-Cat4,4,386,1
2023-01-28,Channel2,B1,Cat1,Sub-Cat1,5,359,1
2023-01-28,Channel2,B2,Cat3,Sub-Cat3,2,116,1
2023-02-04,Channel2,B1,Cat3,Sub-Cat4,4,391,2
2023-02-04,Channel2,B1,Cat1,Sub-Cat1,5,289,2
2023-02-04,Channel2,B2,Cat3,Sub-Cat3,2,156,2
2023-02-11,Channel2,B1,Cat3,Sub-Cat4,4,578,2
2023-02-11,Channel2,B1,Cat1,Sub-Cat1,5,274,2
2023-02-11,Channel2,B2,Cat3,Sub-Cat3,2,139,2
2023-02-18,Channel2,B1,Cat3,Sub-Cat4,4,321,2
2023-02-18,Channel2,B1,Cat1,Sub-Cat1,5,21,2
2023-02-18,Channel2,B2,Cat3,Sub-Cat3,2,141,2
2023-02-25,Channel2,B1,Cat3,Sub-Cat4,4,764,2
2023-02-25,Channel2,B1,Cat1,Sub-Cat1,5,179,2
2023-02-25,Channel2,B2,Cat3,Sub-Cat3,2,155,2
2023-03-04,Channel2,B1,Cat3,Sub-Cat4,4,708,3
2023-03-04,Channel2,B1,Cat1,Sub-Cat1,5,377,3
2023-03-04,Channel2,B2,Cat3,Sub-Cat3,2,204,3
2023-03-11,Channel2,B1,Cat3,Sub-Cat4,4,356,3
2023-03-11,Channel2,B1,Cat1,Sub-Cat1,5,326,3
2023-03-11,Channel2,B2,Cat3,Sub-Cat3,2,216,3
2023-03-18,Channel2,B1,Cat3,Sub-Cat4,4,515,3
2023-03-18,Channel2,B1,Cat1,Sub-Cat1,5,346,3
2023-03-18,Channel2,B2,Cat3,Sub-Cat3,2,212,3
2023-03-25,Channel2,B1,Cat3,Sub-Cat4,4,922,3
2023-03-25,Channel2,B1,Cat1,Sub-Cat1,5,392,3
2023-03-25,Channel2,B2,Cat3,Sub-Cat3,2,161,3
2023-04-01,Channel2,B1,Cat3,Sub-Cat4,4,762,4
2023-04-01,Channel2,B1,Cat1,Sub-Cat1,5,294,4
2023-04-01,Channel2,B2,Cat3,Sub-Cat3,2,133,4
2023-04-08,Channel2,B1,Cat3,Sub-Cat4,4,403,4
2023-04-08,Channel2,B1,Cat1,Sub-Cat1,5,320,4
2023-04-08,Channel2,B2,Cat3,Sub-Cat3,2,226,4
2023-04-15,Channel2,B1,Cat3,Sub-Cat4,4,389,4
2023-04-15,Channel2,B1,Cat1,Sub-Cat1,5,233,4
2023-04-15,Channel2,B2,Cat3,Sub-Cat3,2,191,4
2023-04-22,Channel2,B1,Cat3,Sub-Cat4,4,4851,4
2023-04-22,Channel2,B1,Cat1,Sub-Cat1,5,69,4
2023-04-22,Channel2,B2,Cat3,Sub-Cat3,2,170,4
2023-04-22,Channel2,B2,Cat3,Sub-Cat3,4,76,4
2023-04-29,Channel2,B1,Cat3,Sub-Cat4,4,3556,4
2023-04-29,Channel2,B1,Cat1,Sub-Cat1,5,588,4
2023-04-29,Channel2,B2,Cat3,Sub-Cat3,2,188,4
2023-04-29,Channel2,B2,Cat3,Sub-Cat3,4,135,4
2023-05-06,Channel2,B1,Cat3,Sub-Cat4,4,724,5
2023-05-06,Channel2,B1,Cat1,Sub-Cat1,5,198,5
2023-05-06,Channel2,B2,Cat3,Sub-Cat3,2,173,5
2023-05-06,Channel2,B2,Cat3,Sub-Cat3,4,216,5
2023-05-13,Channel2,B1,Cat3,Sub-Cat4,4,626,5
2023-05-13,Channel2,B1,Cat1,Sub-Cat1,5,186,5
2023-05-13,Channel2,B2,Cat3,Sub-Cat3,2,149,5
2023-05-13,Channel2,B2,Cat3,Sub-Cat3,4,255,5
2023-05-20,Channel2,B1,Cat3,Sub-Cat4,4,865,5
2023-05-20,Channel2,B1,Cat1,Sub-Cat1,5,237,5
2023-05-20,Channel2,B2,Cat3,Sub-Cat3,2,148,5
2023-05-20,Channel2,B2,Cat3,Sub-Cat3,4,327,5
2023-05-27,Channel2,B1,Cat3,Sub-Cat4,4,1053,5
2023-05-27,Channel2,B1,Cat1,Sub-Cat1,5,354,5
2023-05-27,Channel2,B2,Cat3,Sub-Cat3,2,217,5
2023-05-27,Channel2,B2,Cat3,Sub-Cat3,4,514,5
2023-06-03,Channel2,B1,Cat3,Sub-Cat4,4,389,6
2023-06-03,Channel2,B1,Cat1,Sub-Cat1,5,258,6
2023-06-03,Channel2,B2,Cat3,Sub-Cat3,2,785,6
2023-06-03,Channel2,B2,Cat3,Sub-Cat3,4,851,6
2023-06-10,Channel2,B1,Cat3,Sub-Cat4,4,517,6
2023-06-10,Channel2,B1,Cat1,Sub-Cat1,5,270,6
2023-06-10,Channel2,B2,Cat3,Sub-Cat3,2,1526,6
2023-06-10,Channel2,B2,Cat3,Sub-Cat3,4,1331,6
2023-06-17,Channel2,B1,Cat3,Sub-Cat4,4,420,6
2023-06-17,Channel2,B1,Cat1,Sub-Cat1,5,362,6
2023-06-17,Channel2,B2,Cat3,Sub-Cat3,2,137,6
2023-06-17,Channel2,B2,Cat3,Sub-Cat3,4,219,6
2023-06-24,Channel2,B1,Cat3,Sub-Cat4,4,344,6
2023-06-24,Channel2,B1,Cat1,Sub-Cat1,5,293,6
2023-06-24,Channel2,B2,Cat3,Sub-Cat3,2,134,6
2023-06-24,Channel2,B2,Cat3,Sub-Cat3,4,379,6
2023-07-01,Channel2,B1,Cat3,Sub-Cat4,4,751,7
2023-07-01,Channel2,B1,Cat1,Sub-Cat1,5,270,7
2023-07-01,Channel2,B2,Cat3,Sub-Cat3,2,137,7
2023-07-01,Channel2,B2,Cat3,Sub-Cat3,4,393,7
2023-07-08,Channel2,B1,Cat3,Sub-Cat4,4,5329,7
2023-07-08,Channel2,B1,Cat1,Sub-Cat1,5,1338,7
2023-07-08,Channel2,B2,Cat3,Sub-Cat3,2,171,7
2023-07-08,Channel2,B2,Cat3,Sub-Cat3,4,515,7
2023-07-15,Channel2,B1,Cat3,Sub-Cat4,4,2507,7
2023-07-15,Channel2,B1,Cat1,Sub-Cat1,5,566,7
2023-07-15,Channel2,B2,Cat3,Sub-Cat3,2,163,7
2023-07-15,Channel2,B2,Cat3,Sub-Cat3,4,466,7
2023-07-22,Channel2,B1,Cat3,Sub-Cat4,4,591,7
2023-07-22,Channel2,B1,Cat1,Sub-Cat1,5,190,7
2023-07-22,Channel2,B2,Cat3,Sub-Cat3,2,129,7
2023-07-22,Channel2,B2,Cat3,Sub-Cat3,4,457,7
2023-07-29,Channel2,B1,Cat3,Sub-Cat4,4,635,7
2023-07-29,Channel2,B1,Cat1,Sub-Cat1,5,172,7
2023-07-29,Channel2,B2,Cat3,Sub-Cat3,2,168,7
2023-07-29,Channel2,B2,Cat3,Sub-Cat3,4,492,7
2023-08-05,Channel2,B1,Cat3,Sub-Cat4,4,708,8
2023-08-05,Channel2,B1,Cat1,Sub-Cat1,5,223,8
2023-08-05,Channel2,B2,Cat3,Sub-Cat3,2,151,8
2023-08-05,Channel2,B2,Cat3,Sub-Cat3,4,331,8
2023-08-12,Channel2,B1,Cat3,Sub-Cat4,4,524,8
2023-08-12,Channel2,B1,Cat1,Sub-Cat1,5,170,8
2023-08-12,Channel2,B2,Cat3,Sub-Cat3,2,136,8
2023-08-12,Channel2,B2,Cat3,Sub-Cat3,4,480,8
2023-08-19,Channel2,B1,Cat3,Sub-Cat4,4,563,8
2023-08-19,Channel2,B1,Cat1,Sub-Cat1,5,194,8
2023-08-19,Channel2,B2,Cat3,Sub-Cat3,2,127,8
2023-08-19,Channel2,B2,Cat3,Sub-Cat3,4,395,8
2023-08-26,Channel2,B1,Cat3,Sub-Cat4,4,505,8
2023-08-26,Channel2,B1,Cat1,Sub-Cat1,5,165,8
2023-08-26,Channel2,B2,Cat3,Sub-Cat3,2,161,8
2023-08-26,Channel2,B2,Cat3,Sub-Cat3,4,503,8
2023-09-02,Channel2,B1,Cat3,Sub-Cat4,4,508,9
2023-09-02,Channel2,B1,Cat1,Sub-Cat1,5,192,9
2023-09-02,Channel2,B2,Cat3,Sub-Cat3,2,943,9
2023-09-02,Channel2,B2,Cat3,Sub-Cat3,4,2536,9
2023-09-09,Channel2,B1,Cat3,Sub-Cat4,4,587,9
2023-09-09,Channel2,B1,Cat1,Sub-Cat1,5,197,9
2023-09-09,Channel2,B2,Cat3,Sub-Cat3,2,1875,9
2023-09-09,Channel2,B2,Cat3,Sub-Cat3,4,2082,9
2023-09-16,Channel2,B1,Cat3,Sub-Cat4,4,1942,9
2023-09-16,Channel2,B1,Cat1,Sub-Cat1,5,624,9
2023-09-16,Channel2,B2,Cat3,Sub-Cat3,2,169,9
2023-09-16,Channel2,B2,Cat3,Sub-Cat3,4,261,9
2023-09-23,Channel2,B1,Cat3,Sub-Cat4,4,4283,9
2023-09-23,Channel2,B1,Cat1,Sub-Cat1,5,993,9
2023-09-23,Channel2,B2,Cat3,Sub-Cat3,2,115,9
2023-09-23,Channel2,B2,Cat3,Sub-Cat3,4,360,9
2023-09-30,Channel2,B1,Cat3,Sub-Cat4,4,2204,9
2023-09-30,Channel2,B1,Cat1,Sub-Cat1,5,505,9
2023-09-30,Channel2,B2,Cat3,Sub-Cat3,2,161,9
2023-09-30,Channel2,B2,Cat3,Sub-Cat3,4,402,9
2023-10-07,Channel2,B1,Cat3,Sub-Cat4,4,574,10
2023-10-07,Channel2,B1,Cat1,Sub-Cat1,5,188,10
2023-10-07,Channel2,B2,Cat3,Sub-Cat3,2,125,10
2023-10-07,Channel2,B2,Cat3,Sub-Cat3,4,338,10
2023-10-14,Channel2,B1,Cat3,Sub-Cat4,4,521,10
2023-10-14,Channel2,B1,Cat1,Sub-Cat1,5,184,10
2023-10-14,Channel2,B2,Cat3,Sub-Cat3,2,141,10
2023-10-14,Channel2,B2,Cat3,Sub-Cat3,4,334,10
2023-10-21,Channel2,B1,Cat3,Sub-Cat4,4,450,10
2023-10-21,Channel2,B1,Cat1,Sub-Cat1,5,170,10
2023-10-21,Channel2,B2,Cat3,Sub-Cat3,2,120,10
2023-10-21,Channel2,B2,Cat3,Sub-Cat3,4,311,10
2023-10-28,Channel2,B1,Cat3,Sub-Cat4,4,559,10
2023-10-28,Channel2,B1,Cat1,Sub-Cat1,5,158,10
2023-10-28,Channel2,B2,Cat3,Sub-Cat3,2,154,10
2023-10-28,Channel2,B2,Cat3,Sub-Cat3,4,411,10
2023-11-04,Channel2,B1,Cat3,Sub-Cat4,4,754,11
2023-11-04,Channel2,B1,Cat1,Sub-Cat1,5,203,11
2023-11-04,Channel2,B2,Cat3,Sub-Cat3,2,133,11
2023-11-04,Channel2,B2,Cat3,Sub-Cat3,4,371,11
2023-11-11,Channel2,B1,Cat3,Sub-Cat4,4,675,11
2023-11-11,Channel2,B1,Cat1,Sub-Cat1,5,52,11
2023-11-11,Channel2,B2,Cat3,Sub-Cat3,2,103,11
2023-11-11,Channel2,B2,Cat3,Sub-Cat3,4,367,11
2023-11-18,Channel2,B1,Cat3,Sub-Cat4,4,895,11
2023-11-18,Channel2,B2,Cat3,Sub-Cat3,2,149,11
2023-11-18,Channel2,B2,Cat3,Sub-Cat3,4,362,11
2023-11-25,Channel2,B1,Cat3,Sub-Cat4,4,992,11
2023-11-25,Channel2,B1,Cat1,Sub-Cat1,5,125,11
2023-11-25,Channel2,B2,Cat3,Sub-Cat3,2,170,11
2023-11-25,Channel2,B2,Cat3,Sub-Cat3,4,446,11
2023-12-02,Channel2,B1,Cat3,Sub-Cat4,4,1175,12
2023-12-02,Channel2,B1,Cat1,Sub-Cat1,5,256,12
2023-12-02,Channel2,B2,Cat3,Sub-Cat3,2,134,12
2023-12-02,Channel2,B2,Cat3,Sub-Cat3,4,399,12
2023-12-09,Channel2,B1,Cat3,Sub-Cat4,4,1082,12
2023-12-09,Channel2,B1,Cat1,Sub-Cat1,5,216,12
2023-12-09,Channel2,B2,Cat3,Sub-Cat3,2,686,12
2023-12-09,Channel2,B2,Cat3,Sub-Cat3,4,2177,12
2023-12-16,Channel2,B1,Cat3,Sub-Cat4,4,1078,12
2023-12-16,Channel2,B1,Cat1,Sub-Cat1,5,228,12
2023-12-16,Channel2,B2,Cat3,Sub-Cat3,2,1238,12
2023-12-16,Channel2,B2,Cat3,Sub-Cat3,4,3836,12
2023-12-23,Channel2,B1,Cat3,Sub-Cat4,4,1304,12
2023-12-23,Channel2,B1,Cat1,Sub-Cat1,5,241,12
2023-12-23,Channel2,B2,Cat3,Sub-Cat3,2,360,12
2023-12-23,Channel2,B2,Cat3,Sub-Cat3,4,1176,12
2023-12-30,Channel2,B1,Cat3,Sub-Cat4,4,819,12
2023-12-30,Channel2,B1,Cat1,Sub-Cat1,5,297,12
2023-12-30,Channel2,B2,Cat3,Sub-Cat3,2,127,12
2023-12-30,Channel2,B2,Cat3,Sub-Cat3,4,421,12
2024-01-06,Channel2,B1,Cat3,Sub-Cat4,4,1382,1
2024-01-06,Channel2,B1,Cat1,Sub-Cat1,5,161,1
2024-01-06,Channel2,B2,Cat3,Sub-Cat3,2,117,1
2024-01-06,Channel2,B2,Cat3,Sub-Cat3,4,473,1
2024-01-13,Channel2,B1,Cat3,Sub-Cat4,4,1355,1
2024-01-13,Channel2,B1,Cat1,Sub-Cat1,5,51,1
2024-01-13,Channel2,B2,Cat3,Sub-Cat3,2,104,1
2024-01-13,Channel2,B2,Cat3,Sub-Cat3,4,535,1
2024-01-20,Channel2,B1,Cat3,Sub-Cat4,4,1276,1
2024-01-20,Channel2,B1,Cat1,Sub-Cat1,5,13,1
2024-01-20,Channel2,B2,Cat3,Sub-Cat3,2,107,1
2024-01-20,Channel2,B2,Cat3,Sub-Cat3,4,462,1
2024-01-27,Channel2,B1,Cat3,Sub-Cat4,4,2943,1
2024-01-27,Channel2,B1,Cat1,Sub-Cat1,5,734,1
2024-01-27,Channel2,B2,Cat3,Sub-Cat3,2,152,1
2024-01-27,Channel2,B2,Cat3,Sub-Cat3,4,673,1
2024-02-03,Channel2,B1,Cat3,Sub-Cat4,4,56,2
2024-02-03,Channel2,B1,Cat1,Sub-Cat1,5,1231,2
2024-02-03,Channel2,B2,Cat3,Sub-Cat3,2,141,2
2024-02-03,Channel2,B2,Cat3,Sub-Cat3,4,552,2
2024-02-10,Channel2,B1,Cat3,Sub-Cat4,4,578,2
2024-02-10,Channel2,B1,Cat1,Sub-Cat1,5,243,2
2024-02-10,Channel2,B2,Cat3,Sub-Cat3,2,139,2
2024-02-10,Channel2,B2,Cat3,Sub-Cat3,4,627,2
2024-02-17,Channel2,B1,Cat3,Sub-Cat4,4,426,2
2024-02-17,Channel2,B1,Cat1,Sub-Cat1,5,284,2
2024-02-17,Channel2,B2,Cat3,Sub-Cat3,2,110,2
2024-02-17,Channel2,B2,Cat3,Sub-Cat3,4,350,2
2024-02-24,Channel2,B1,Cat3,Sub-Cat4,4,92,2
2024-02-24,Channel2,B1,Cat1,Sub-Cat1,5,257,2
2024-02-24,Channel2,B2,Cat3,Sub-Cat3,2,143,2
2024-02-24,Channel2,B2,Cat3,Sub-Cat3,4,758,2
2024-03-02,Channel2,B1,Cat3,Sub-Cat4,4,210,3
2024-03-02,Channel2,B1,Cat1,Sub-Cat1,5,254,3
2024-03-02,Channel2,B2,Cat3,Sub-Cat3,2,149,3
2024-03-02,Channel2,B2,Cat3,Sub-Cat3,4,723,3
2024-03-09,Channel2,B1,Cat3,Sub-Cat4,4,840,3
2024-03-09,Channel2,B1,Cat1,Sub-Cat1,5,250,3
2024-03-09,Channel2,B2,Cat3,Sub-Cat3,2,141,3
2024-03-09,Channel2,B2,Cat3,Sub-Cat3,4,762,3
2024-03-16,Channel2,B1,Cat3,Sub-Cat4,4,1126,3
2024-03-16,Channel2,B1,Cat1,Sub-Cat1,5,283,3
2024-03-16,Channel2,B2,Cat3,Sub-Cat3,2,1717,3
2024-03-16,Channel2,B2,Cat3,Sub-Cat3,4,8051,3
2024-03-23,Channel2,B1,Cat3,Sub-Cat4,4,1138,3
2024-03-23,Channel2,B1,Cat1,Sub-Cat1,5,232,3
2024-03-23,Channel2,B2,Cat3,Sub-Cat3,2,718,3
2024-03-23,Channel2,B2,Cat3,Sub-Cat3,4,639,3
2024-03-30,Channel2,B1,Cat3,Sub-Cat4,4,1367,3
2024-03-30,Channel2,B1,Cat1,Sub-Cat1,5,296,3
2024-03-30,Channel2,B2,Cat3,Sub-Cat3,2,134,3
2024-03-30,Channel2,B2,Cat3,Sub-Cat3,4,427,3
2024-04-06,Channel2,B1,Cat3,Sub-Cat4,4,1222,4
2024-04-06,Channel2,B1,Cat1,Sub-Cat1,5,228,4
2024-04-06,Channel2,B2,Cat3,Sub-Cat3,2,144,4
2024-04-06,Channel2,B2,Cat3,Sub-Cat3,4,445,4
2024-04-13,Channel2,B1,Cat3,Sub-Cat4,4,1341,4
2024-04-13,Channel2,B1,Cat1,Sub-Cat1,5,239,4
2024-04-13,Channel2,B2,Cat3,Sub-Cat3,2,129,4
2024-04-13,Channel2,B2,Cat3,Sub-Cat3,4,917,4
2024-04-20,Channel2,B1,Cat3,Sub-Cat4,4,7732,4
2024-04-20,Channel2,B1,Cat1,Sub-Cat1,5,715,4
2024-04-20,Channel2,B2,Cat3,Sub-Cat3,2,137,4
2024-04-20,Channel2,B2,Cat3,Sub-Cat3,4,583,4
2024-04-27,Channel2,B1,Cat3,Sub-Cat4,4,3249,4
2024-04-27,Channel2,B1,Cat1,Sub-Cat1,5,54,4
2024-04-27,Channel2,B2,Cat3,Sub-Cat3,2,184,4
2024-04-27,Channel2,B2,Cat3,Sub-Cat3,4,888,4
2024-05-04,Channel2,B1,Cat3,Sub-Cat4,4,860,5
2024-05-04,Channel2,B1,Cat1,Sub-Cat1,5,42,5
2024-05-04,Channel2,B2,Cat3,Sub-Cat3,2,150,5
2024-05-04,Channel2,B2,Cat3,Sub-Cat3,4,358,5
2024-05-11,Channel2,B1,Cat3,Sub-Cat4,4,1004,5
2024-05-11,Channel2,B1,Cat1,Sub-Cat1,5,17,5
2024-05-11,Channel2,B2,Cat3,Sub-Cat3,2,153,5
2024-05-11,Channel2,B2,Cat3,Sub-Cat3,4,842,5
2024-05-18,Channel2,B1,Cat3,Sub-Cat4,4,869,5
2024-05-18,Channel2,B1,Cat1,Sub-Cat1,5,16,5
2024-05-18,Channel2,B2,Cat3,Sub-Cat3,2,174,5
2024-05-18,Channel2,B2,Cat3,Sub-Cat3,4,1024,5
2024-05-25,Channel2,B1,Cat3,Sub-Cat4,4,1053,5
2024-05-25,Channel2,B1,Cat1,Sub-Cat1,5,12,5
2024-05-25,Channel2,B2,Cat3,Sub-Cat3,2,153,5
2024-05-25,Channel2,B2,Cat3,Sub-Cat3,4,681,5
2024-06-01,Channel2,B1,Cat3,Sub-Cat4,4,1246,6
2024-06-01,Channel2,B1,Cat1,Sub-Cat1,5,8,6
2024-06-01,Channel2,B2,Cat3,Sub-Cat3,2,181,6
2024-06-01,Channel2,B2,Cat3,Sub-Cat3,4,790,6
2024-06-08,Channel2,B1,Cat3,Sub-Cat4,4,939,6
2024-06-08,Channel2,B1,Cat1,Sub-Cat1,5,4,6
2024-06-08,Channel2,B2,Cat3,Sub-Cat3,2,1012,6
2024-06-08,Channel2,B2,Cat3,Sub-Cat3,4,4687,6
2024-06-15,Channel2,B1,Cat3,Sub-Cat4,4,890,6
2024-06-15,Channel2,B1,Cat1,Sub-Cat1,5,1,6
2024-06-15,Channel2,B2,Cat3,Sub-Cat3,2,1911,6
2024-06-15,Channel2,B2,Cat3,Sub-Cat3,4,4339,6
2024-06-22,Channel2,B1,Cat3,Sub-Cat4,4,1078,6
2024-06-22,Channel2,B1,Cat1,Sub-Cat1,5,1,6
2024-06-22,Channel2,B2,Cat3,Sub-Cat3,2,206,6
2024-06-22,Channel2,B2,Cat3,Sub-Cat3,4,698,6
2024-06-29,Channel2,B1,Cat3,Sub-Cat4,4,982,6
2024-06-29,Channel2,B1,Cat1,Sub-Cat1,5,1,6
2024-06-29,Channel2,B2,Cat3,Sub-Cat3,2,178,6
2024-06-29,Channel2,B2,Cat3,Sub-Cat3,4,362,6
2024-07-06,Channel2,B1,Cat3,Sub-Cat4,4,2612,7
2024-07-06,Channel2,B2,Cat3,Sub-Cat3,2,176,7
2024-07-06,Channel2,B2,Cat3,Sub-Cat3,4,676,7
2024-07-13,Channel2,B1,Cat3,Sub-Cat4,4,7754,7
2024-07-13,Channel2,B2,Cat3,Sub-Cat3,2,180,7
2024-07-13,Channel2,B2,Cat3,Sub-Cat3,4,662,7
2024-07-20,Channel2,B1,Cat3,Sub-Cat4,4,3463,7
2024-07-20,Channel2,B2,Cat3,Sub-Cat3,2,245,7
2024-07-20,Channel2,B2,Cat3,Sub-Cat3,4,722,7
2024-07-27,Channel2,B1,Cat3,Sub-Cat4,4,974,7
2024-07-27,Channel2,B2,Cat3,Sub-Cat3,2,141,7
2024-07-27,Channel2,B2,Cat3,Sub-Cat3,4,529,7
2024-08-03,Channel2,B1,Cat3,Sub-Cat4,4,891,8
2024-08-03,Channel2,B2,Cat3,Sub-Cat3,2,151,8
2024-08-03,Channel2,B2,Cat3,Sub-Cat3,4,544,8
2024-08-10,Channel2,B1,Cat3,Sub-Cat4,4,772,8
2024-08-10,Channel2,B2,Cat3,Sub-Cat3,2,171,8
2024-08-10,Channel2,B2,Cat3,Sub-Cat3,4,610,8
2024-08-17,Channel2,B1,Cat3,Sub-Cat4,4,1003,8
2024-08-17,Channel2,B2,Cat3,Sub-Cat3,2,151,8
2024-08-17,Channel2,B2,Cat3,Sub-Cat3,4,527,8
2024-08-24,Channel2,B1,Cat3,Sub-Cat4,4,1290,8
2024-08-24,Channel2,B2,Cat3,Sub-Cat3,2,250,8
2024-08-24,Channel2,B2,Cat3,Sub-Cat3,4,775,8
2024-08-31,Channel2,B1,Cat3,Sub-Cat4,4,1189,8
2024-08-31,Channel2,B2,Cat3,Sub-Cat3,2,180,8
2024-08-31,Channel2,B2,Cat3,Sub-Cat3,4,634,8
